,srresnet-mse,srgan-vgg22_1,srgan-vgg22_2,srgan-vgg54_1,srgan-vgg54_2,srgan-xception_1,srgan-xception_2,srgan-resnet152v2_1,srgan-resnet152v2_2,srgan-inceptionv3_1,srgan-inceptionv3_2,srgan-inceptionresnetv2_1,srgan-inceptionresnetv2_2,srgan-mobilenetv2_1,srgan-mobilenetv2_2,srgan-densenet201_1,srgan-densenet201_2,srgan-nasnetlarge_1,srgan-nasnetlarge_2,srgan-efficientnetv2l_1,srgan-efficientnetv2l_2
nwpu-resisc45,24.016982665920224,23.493289720121812,23.049773408384635,22.60240965249308,22.848133559107527,22.832588580502374,23.126068038373358,23.100854991858792,22.902674992440126,23.17347567351592,23.272004930587837,23.304517323897425,23.390982937544976,21.78452232616016,22.416084974829143,23.58496348201551,23.46598422668554,23.059907869508503,23.026867183768662,22.342854268777277,22.537020171191887
set5,22.927097287728568,23.202326160182874,21.534655018306633,21.15867684897589,22.175878479731146,21.211664092313526,21.28395405639491,21.048491480744733,22.09173107175676,21.44583352283801,21.52440082390678,21.88277314569421,22.245280094198908,21.083685929110437,20.610767074285693,21.232215221583296,21.62906999516439,20.829336540151303,20.86077464747823,18.343916754972984,19.647140650225847
set14,21.648009469912715,21.8628037111842,20.83574047118879,21.0880074055684,21.75984152263115,20.908113206174882,21.006041960395585,21.0069985735549,21.830925596880142,21.253880627847355,21.29319430540907,21.079098383883714,21.60654579607083,20.581215555765258,20.388987975160383,21.670879993248203,21.78881868134864,20.667996500586543,20.96187622317353,19.300806619514848,20.008093384572994
