,srresnet-mse,srgan-vgg22_1,srgan-vgg22_2,srgan-vgg54_1,srgan-vgg54_2,srgan-xception_1,srgan-xception_2,srgan-resnet152v2_1,srgan-resnet152v2_2,srgan-inceptionv3_1,srgan-inceptionv3_2,srgan-inceptionresnetv2_1,srgan-inceptionresnetv2_2,srgan-mobilenetv2_1,srgan-mobilenetv2_2,srgan-densenet201_1,srgan-densenet201_2,srgan-nasnetlarge_1,srgan-nasnetlarge_2,srgan-efficientnetv2l_1,srgan-efficientnetv2l_2
nwpu-resisc45,0.9235125112899444,0.905764823726436,0.8994062531356498,0.8857630959612944,0.8878267558905987,0.8882748603153527,0.89350293114823,0.8971740985683564,0.8915861910561905,0.8950361055529991,0.8973178780568948,0.8976778932927587,0.9018422919973745,0.8801683765284594,0.8927678372504442,0.9062920911851519,0.9044574134455411,0.8908879133387743,0.8929504606629414,0.8941873010972187,0.8957589236509951
set5,0.7642886524046102,0.6519374583533729,0.5830575062036465,0.581977762413066,0.6686492877021288,0.5946805966181686,0.6721967936990921,0.6040438337230543,0.6612805371392716,0.6526908643964734,0.6860020734312458,0.6477643796639522,0.6824493241731922,0.6460616490834198,0.6925129782857049,0.6887518695448451,0.6977710482670079,0.6317350071662095,0.6636740253740239,0.5451001589144835,0.5749722191205213
set14,0.6562668531068242,0.5672576647020996,0.5131039860243982,0.5430016870217557,0.6030385597502618,0.5517496920592038,0.6017613516705692,0.5534528344246549,0.602065957708301,0.5933263792580138,0.6164207471487785,0.5870329187663348,0.6102968557947017,0.5866232681024972,0.616935855927367,0.6258449127166573,0.629857361212696,0.5757581994178086,0.5966433658362871,0.5066004849724084,0.5262971182098788
